K,T,J,W,O,A,K,N,P,A,E,G,D,J,G,L,C,K,H,C,E,E,M,P,P,F,O,C,F,J,Z,H,P,F,A,U,W,H,T,N,H,H,Z,N,W,C,F,E,A,S
V,O,N,H,P,S,R,X,A,V,M,O,D,D,R,C,T,W,N,S,Q,G,E,S,A,W,A,B,Q,M,M,D,B,J,X,K,H,F,A,A,O,X,R,F,U,Y,A,X,M,Z
N,C,H,I,D,X,J,Z,R,B,R,P,X,W,D,W,P,Q,B,T,U,P,L,E,V,W,R,P,D,P,A,C,F,E,N,U,A,I,C,L,Z,D,V,I,H,D,W,S,F,E
F,D,M,Z,B,G,X,K,X,M,N,J,K,F,Z,A,S,S,Q,U,Z,S,S,F,H,S,H,J,O,D,T,V,B,E,L,K,D,B,A,F,S,A,U,J,J,V,Z,Y,X,J
S,G,O,A,Y,T,J,C,E,J,R,U,T,N,N,H,E,E,O,B,Y,Y,E,S,F,F,V,F,O,R,Q,J,T,H,O,V,V,C,K,E,A,V,Y,H,I,K,M,J,O,S
G,O,I,J,X,T,Q,B,V,Y,J,W,J,Y,S,C,Z,R,S,N,S,U,V,E,V,F,F,P,J,P,L,K,R,F,O,P,C,Y,T,N,L,I,G,Z,Q,T,G,R,Q,H
F,L,U,F,C,Y,I,I,H,L,L,F,X,N,A,J,O,F,H,O,L,B,S,D,Y,Z,P,M,J,I,U,X,F,V,S,T,C,Q,Y,Q,E,K,G,Z,B,G,Q,T,K,F
F,O,Z,T,R,J,T,I,L,X,T,N,I,F,Y,T,M,X,O,B,D,R,N,E,K,U,T,L,P,P,D,R,G,W,X,R,I,E,V,T,A,U,R,A,I,O,Q,Z,O,R
E,O,K,G,H,D,X,E,D,S,C,Y,R,F,U,K,Z,M,C,V,Y,E,S,G,Y,E,B,Y,B,I,Q,Y,A,H,O,A,G,H,B,F,I,Q,R,I,I,Q,D,V,D,S
N,X,Z,K,F,E,X,R,I,S,Z,E,P,O,B,X,P,B,A,Y,S,G,K,Z,G,S,K,C,R,B,H,M,Y,C,N,H,H,S,P,A,T,O,I,A,D,P,O,E,U,M
L,H,B,N,W,F,R,Z,U,W,T,F,O,J,X,S,N,V,F,T,M,M,A,H,K,Q,Q,O,D,I,J,U,V,T,N,C,Y,R,X,H,V,O,T,P,C,L,U,D,R,Q
I,M,L,O,B,I,X,N,H,N,E,F,Y,D,E,F,T,I,A,S,U,X,P,B,T,J,P,M,K,T,A,Y,P,W,G,O,A,K,D,B,D,P,O,V,F,J,A,J,B,A
Y,X,S,I,M,C,S,W,I,W,N,J,O,Q,K,I,R,G,Y,X,F,D,F,H,P,M,E,L,T,X,Q,Q,A,R,F,V,T,Q,Z,D,W,S,T,H,A,P,I,T,A,Z
L,N,S,W,A,R,A,Q,B,N,K,Z,I,F,C,S,G,W,Q,V,U,J,H,G,Q,C,J,E,L,E,Y,O,N,A,X,A,K,I,G,G,N,G,H,P,E,C,X,A,C,S
V,L,V,K,A,G,V,O,J,O,D,B,S,E,E,N,J,R,Q,K,A,D,V,I,A,V,V,L,O,Y,J,G,I,A,Z,L,I,G,C,F,H,P,P,G,D,F,O,P,U,K
Z,W,Z,K,M,I,Q,Q,I,B,D,I,O,U,T,B,C,M,X,G,P,H,V,F,X,G,N,K,Q,P,L,A,I,G,J,G,V,J,O,C,D,Z,J,C,X,I,H,E,H,O
P,U,S,Q,M,G,O,A,E,I,Y,Y,A,U,M,X,C,W,V,H,H,O,R,P,I,Q,C,D,I,Q,Y,V,U,N,L,R,G,P,U,P,D,V,Z,H,E,O,P,N,A,T
L,I,L,C,M,V,R,R,Z,J,O,D,D,N,R,K,Q,E,D,T,D,E,W,Y,P,G,R,K,Y,L,F,O,S,J,I,A,Z,B,G,P,C,Q,X,Q,Z,U,X,G,X,Q
X,H,O,R,F,D,T,K,V,A,M,T,C,T,A,L,T,P,E,B,T,Q,E,X,M,E,P,P,X,A,M,V,J,Z,Q,G,Q,R,T,L,R,P,U,D,H,N,T,Q,P,Q
J,M,G,R,J,F,Q,M,E,G,P,Q,P,X,C,C,J,S,S,N,Z,V,Y,F,J,I,U,K,G,B,W,R,D,X,S,C,Z,X,O,B,L,B,E,M,V,R,Y,F,P,O
N,B,I,A,Z,F,N,K,N,C,W,Z,P,E,N,K,A,M,I,J,R,R,O,U,Y,X,A,T,N,O,L,E,K,P,D,Z,W,X,F,B,S,P,I,W,O,F,U,A,X,K
P,P,L,H,R,Q,B,J,Y,Q,T,P,I,X,G,O,G,R,W,Q,P,C,F,S,P,X,S,Q,D,W,K,U,M,Y,Z,K,Y,W,K,Z,Z,J,Y,I,H,X,P,X,K,F
I,S,V,Z,M,S,J,J,H,V,K,Y,P,S,B,P,E,X,E,M,R,X,W,P,N,U,A,X,S,J,Z,R,X,L,J,Z,G,T,Y,R,A,I,F,P,A,G,J,K,L,R
X,E,A,M,H,T,C,W,T,C,N,F,U,O,G,S,W,I,A,E,Y,W,G,R,E,N,U,S,Q,K,Y,E,U,F,R,Q,N,Z,O,J,H,P,P,O,K,C,N,U,L,J
U,C,X,R,X,C,V,X,G,J,Y,C,I,J,U,T,H,W,Q,U,R,Y,Y,Y,H,P,N,Z,I,N,M,P,Z,B,A,G,P,T,X,T,H,G,O,Y,S,L,S,X,J,E
H,G,A,H,Z,R,I,H,T,F,I,T,U,L,P,A,F,M,Y,U,E,A,J,V,R,C,U,U,V,J,N,J,T,I,B,L,M,M,R,V,V,V,Z,M,N,Z,D,B,D,J
C,G,F,N,B,A,C,D,V,A,X,H,A,L,Z,T,Y,U,U,O,V,T,N,K,F,Z,D,Y,O,K,K,R,B,A,P,E,E,I,B,N,A,P,U,E,J,N,C,W,D,D
M,A,E,V,P,O,P,M,Z,M,M,C,R,P,J,U,V,V,V,L,B,B,P,D,I,P,O,S,R,M,Q,O,X,J,W,I,R,I,X,Z,Y,T,V,P,P,P,W,Y,U,Y
E,K,T,D,A,X,H,M,L,B,I,W,V,F,Z,T,K,W,H,K,M,J,B,N,T,Z,P,Q,E,U,S,A,V,I,E,Y,Y,D,G,C,O,E,D,M,R,N,N,Q,K,H
M,E,D,C,A,F,R,H,E,H,L,F,G,A,R,E,W,P,U,P,U,U,C,B,M,E,K,A,L,R,Y,L,W,H,W,B,H,L,U,K,Z,R,P,A,P,F,M,W,J,J
J,Q,V,S,J,L,J,W,P,A,M,W,H,J,G,F,Q,I,R,K,I,S,E,O,R,D,C,Q,V,W,O,A,Y,J,Z,O,J,E,B,C,S,K,E,G,G,J,F,B,M,N
Y,B,N,X,M,H,F,A,I,W,S,C,B,A,R,U,C,V,A,B,T,Z,S,W,G,B,Q,H,O,C,I,V,D,F,C,L,L,T,V,H,K,B,J,W,G,V,I,E,O,N
C,H,V,E,A,X,R,Q,I,Z,M,M,M,R,M,C,L,F,Z,N,L,J,Q,M,X,W,U,B,N,B,P,K,V,F,U,U,P,X,R,V,I,D,N,E,D,A,N,Z,W,I
S,K,T,V,K,G,C,Z,E,X,O,F,Q,G,H,Z,L,L,M,O,D,M,R,C,R,G,Z,H,R,I,K,B,K,A,J,U,H,L,E,U,F,O,E,O,S,R,K,H,J,Z
V,Q,H,W,Z,M,V,H,O,S,P,C,G,N,X,H,Z,O,A,D,G,B,Z,M,T,R,T,F,B,N,C,E,L,Q,M,E,L,S,J,T,U,V,I,B,G,V,O,Y,K,R
B,E,U,K,J,T,N,M,P,X,W,T,S,W,B,G,T,G,D,F,I,I,W,J,I,R,T,I,G,V,C,A,Y,H,B,F,O,B,P,O,I,K,W,S,U,U,O,I,Y,D
E,Z,Y,X,W,L,P,M,Z,L,B,Z,Y,B,K,Z,R,T,I,P,K,J,Z,D,O,G,L,D,P,T,O,L,L,E,W,A,R,G,K,G,T,P,W,Q,L,G,K,S,I,X
P,K,O,X,H,D,T,Z,T,Y,W,X,G,H,Z,E,Y,L,Z,O,Q,I,R,I,C,J,P,B,D,Q,L,X,J,C,R,U,T,K,A,B,B,M,P,T,C,Y,G,K,E,Z
M,V,C,Q,Q,P,O,V,L,Q,M,T,F,R,H,Z,Y,M,I,Q,C,N,B,Q,V,E,X,A,J,W,A,A,L,B,E,N,B,P,A,F,I,H,V,K,D,Z,H,I,T,I
H,A,R,F,N,D,W,E,H,W,G,D,A,P,G,T,I,B,K,U,F,S,G,N,X,Z,P,J,J,K,Q,T,H,W,I,N,Z,B,Z,D,A,Q,Y,N,U,C,D,T,N,W
H,G,F,L,B,C,G,B,I,G,S,P,A,O,P,A,W,N,K,D,Q,Q,C,G,B,Z,N,K,P,L,I,C,Y,R,K,M,T,P,P,E,D,H,P,E,W,B,F,H,N,G
T,S,Q,D,N,R,X,Y,E,A,A,I,H,G,O,C,R,M,Z,E,E,G,H,T,F,C,H,W,E,R,P,W,O,L,S,T,D,E,R,S,J,N,X,K,W,S,W,N,Q,P
C,O,J,Y,H,P,D,R,H,H,M,T,R,O,F,B,D,X,P,Y,Z,H,F,X,A,O,C,X,D,U,N,O,A,I,X,B,L,W,R,B,S,X,X,J,H,G,A,K,F,S
O,W,G,B,S,G,S,A,N,V,T,B,G,P,Q,G,I,Y,S,G,F,R,P,W,W,Z,D,X,E,T,Q,K,R,W,I,K,W,A,A,I,M,P,T,V,N,U,B,B,H,G
J,C,E,I,S,D,L,R,O,T,E,L,I,F,T,E,X,T,I,P,T,W,N,W,Z,J,L,A,N,C,Y,P,R,D,N,P,Y,V,G,N,B,F,H,J,Z,Y,V,P,Z,G
Q,G,Z,G,E,N,B,Y,D,P,V,J,E,L,Z,O,P,R,G,A,Q,O,E,A,T,I,Z,S,E,H,I,M,Y,A,O,H,I,E,I,H,P,L,C,P,Y,A,P,X,O,R
H,M,Y,I,S,W,P,O,I,H,O,U,S,S,G,P,R,Z,Y,L,O,Q,M,J,R,W,V,T,J,K,T,Q,W,Z,P,B,N,J,T,D,N,Z,R,O,W,M,I,V,X,A
V,X,T,Y,K,B,Z,A,A,F,X,T,W,N,L,G,I,E,A,V,T,F,D,D,D,T,N,E,M,H,P,E,K,R,W,C,G,I,X,P,E,J,H,D,P,Z,N,E,K,V
F,N,Z,Q,L,N,J,W,W,A,D,F,P,R,G,B,A,P,O,I,D,N,V,I,D,M,K,O,V,A,O,U,M,V,Z,O,M,K,E,G,F,K,S,D,L,M,Z,Y,R,Z
P,Z,M,J,Z,G,V,V,E,L,P,J,R,A,Q,V,V,A,O,T,S,U,E,D,V,H,Z,N,Z,E,V,H,S,E,X,E,S,Q,A,O,A,N,R,Z,W,F,Y,O,B,F
L,B,M,H,Z,V,T,X,G,P,K,J,D,Y,C,S,B,Y,W,Q,O,I,T,K,Z,A,D,E,E,X,M,L,F,C,N,U,H,U,Y,G,I,P,M,M,J,J,U,B,Q,A
Q,P,B,J,B,D,J,K,L,B,R,O,M,A,I,A,A,P,U,X,Y,L,L,T,G,I,I,O,J,S,Y,O,I,Q,B,G,N,R,E,Y,B,N,S,T,F,V,I,H,R,L
M,J,W,E,B,S,I,T,E,S,W,Q,A,Q,F,J,R,Y,O,S,D,Q,T,B,F,L,N,U,T,X,A,I,O,T,N,M,D,H,G,R,P,I,I,B,G,W,A,Q,R,F
F,Y,T,Q,C,Z,R,R,P,A,M,F,O,T,P,E,J,A,K,K,J,Y,V,I,P,R,C,R,G,P,A,F,T,R,B,A,V,I,I,L,C,S,F,B,G,Q,I,Z,C,E
